##模板
# insert into tbl_cast (id, cast_name, poster_url) VALUES (1, '','');


-- ==========================================================================================================================
##X战警黑凤凰
insert into tbl_movie(id, movie_name, description, visible_date, start_date, end_date, movie_type, movie_country,
                      movie_language, poster_url, length, movie_year, movie_status)
VALUES (101, 'X战警：黑凤凰 Dark Phoenix',
        '影片剧情围绕X战警中最受欢迎成员之一的琴·葛蕾展开，讲述她逐渐转化为黑凤凰的故事。在一次危及生命的太空营救行动中，琴被神秘的宇宙力量击中，成为最强大的变种人。此后琴·葛蕾不仅要设法掌控日益增长、极不稳定的力量，更要与自己内心的恶魔抗争，她的失控让整个X战警大家庭分崩离析，也让整个星球陷入毁灭的威胁之中。《X战警：黑凤凰》是迄今为止气氛最紧张、情感最丰富的一部《X战警》电影，是《X战警》系列20年来的集大成之作，大家非常熟悉和热爱的变种人大家庭即将面对最为强大的敌人——而她恰恰还是他们中的一员。',
        '2019-06-03', '2019-06-06', '2019-07-15', '动作 / 科幻 / 冒险', '美国', '英语',
        'https://s2.ax1x.com/2019/06/11/Vgh5h8.jpg',
        114, 2019, 2);

insert into tbl_cast (id, cast_name, poster_url)
VALUES (1, '西蒙·金伯格 Simon Kinberg',
        'https://img3.doubanio.com/view/celebrity/s_ratio_celebrity/public/p1525519509.24.webp'),
       (2, '迈克尔·法斯宾德 Michael Fassbender',
        'https://img3.doubanio.com/view/celebrity/s_ratio_celebrity/public/p32214.webp'),
       (3, '詹姆斯·麦卡沃伊 James McAvoy', 'https://img3.doubanio.com/view/celebrity/s_ratio_celebrity/public/p93.webp'),
       (4, '苏菲·特纳 Sophie Turner',
        'https://img3.doubanio.com/view/celebrity/s_ratio_celebrity/public/p1360321984.03.webp'),
       (5, '尼古拉斯·霍尔特 Nicholas Hoult',
        'https://img3.doubanio.com/view/celebrity/s_ratio_celebrity/public/p1371701601.6.webp'),
       (6, '泰伊·谢里丹 Tye Sheridan',
        'https://img3.doubanio.com/view/celebrity/s_ratio_celebrity/public/p1464678182.3.webp');

insert into cast_movie (movie_id, cast_id, cast_role)
VALUES (101, 1, 'Director'),
       (101, 2, 'Actor'),
       (101, 3, 'Actor'),
       (101, 4, 'Actor'),
       (101, 5, 'Actor'),
       (101, 6, 'Actor');


-- ==========================================================================================================================

-- ==========================================================================================================================
##大侦探皮卡丘
insert into tbl_movie(id, movie_name, description, visible_date, start_date, end_date, movie_type, movie_country,
                      movie_language, poster_url, length, movie_year, movie_status)
VALUES (102, '大侦探皮卡丘 Pokémon Detective Pikachu',
        '好莱坞真人电影《大侦探皮卡丘》（暂译）讲述了蒂姆·古德曼（贾 斯 提·史密斯饰） 为寻找下落不明的父亲来到莱姆市，意外与父亲的前宝可梦搭档大侦探皮卡丘相遇，并惊讶地发现自己是唯一能听懂皮卡丘说话的人类，他们决定组队踏上揭开真相的刺激冒险之路。探案过程中他们邂逅了各式各样 的宝可梦，并意外发现了一个足以毁灭整个宝可梦宇宙的惊天阴谋。该电影改编自任天堂3DS同名游戏，由罗伯·莱特曼导演，瑞安·雷诺兹为大侦探皮卡丘配音，贾斯提斯·史密斯、凯瑟琳·纽顿等主演。',
        '2019-05-08', '2019-05-10', '2019-07-01', '喜剧 / 动画 / 奇幻 / 冒险', '美国 / 日本', '英语 / 日语',
        'https://s2.ax1x.com/2019/06/11/VghLBn.jpg', 104, 2019, 2);

insert into tbl_cast (id, cast_name, poster_url)
VALUES (7, '罗伯·莱特曼 Rob Letterman',
        'https://img3.doubanio.com/view/celebrity/s_ratio_celebrity/public/p1446386865.82.webp'),
       (8, '瑞安·雷诺兹 Ryan Reynolds', 'https://img1.doubanio.com/view/celebrity/s_ratio_celebrity/public/p48608.webp'),
       (9, '贾斯蒂斯·史密斯 Justice Smith',
        'https://img3.doubanio.com/view/celebrity/s_ratio_celebrity/public/p1523860646.23.webp'),
       (10, '凯瑟琳·纽顿 Kathryn Newton',
        'https://img3.doubanio.com/view/celebrity/s_ratio_celebrity/public/p1430023168.56.webp');

insert into cast_movie (movie_id, cast_id, cast_role)
VALUES (102, 7, 'Director'),
       (102, 8, 'Actor'),
       (102, 9, 'Actor'),
       (102, 10, 'Actor');

-- ==========================================================================================================================

-- ==========================================================================================================================
##阿拉丁
insert tbl_movie(id, movie_name, description, visible_date, start_date, end_date, movie_type, movie_country,
                 movie_language,
                 poster_url, length, movie_year, movie_status)
VALUES (103, '阿拉丁 Aladdin',
        '在充满异域风情的古代阿拉伯王国，善良的穷小子阿拉丁（莫纳·马苏德 饰）和勇敢的茉莉公主（娜奥米·斯科特 饰）浪漫邂逅，在可以满足主人三个愿望的神灯精灵（威尔·史密斯 饰）的帮助下，两人踏上了一次寻找真爱和自我的魔幻冒险。',
        '2019-05-20', '2019-05-24', '2019-07-01', '爱情 / 奇幻 / 冒险', '美国', '英语',
        'https://s2.ax1x.com/2019/06/11/VghjA0.jpg', 128, 2019, 2);

insert into tbl_cast (id, cast_name, poster_url)
VALUES (11, '盖·里奇 Guy Ritchie', 'https://img1.doubanio.com/view/celebrity/s_ratio_celebrity/public/p47189.webp'),
       (12, '梅纳·玛索德 Mena Massoud',
        'https://img1.doubanio.com/view/celebrity/s_ratio_celebrity/public/p1500145110.49.webp'),
       (13, '娜奥米·斯科特 Naomi Scott',
        'https://img1.doubanio.com/view/celebrity/s_ratio_celebrity/public/p1558931683.7.webp'),
       (14, '威尔·史密斯 Will Smith', 'https://img3.doubanio.com/view/celebrity/s_ratio_celebrity/public/p41483.webp');

insert into cast_movie (movie_id, cast_id, cast_role)
VALUES (103, 11, 'Director'),
       (103, 12, 'Actor'),
       (103, 13, 'Actor'),
       (103, 14, 'Actor');

-- ==========================================================================================================================
insert into tbl_hall (id, hall_seats, hall_name)
VALUES (1,
        '1,1,1,1,1,1,1,1,1,1,1,1;1,1,1,1,1,1,1,1,1,1,1,1;1,1,1,1,1,1,1,1,1,1,1,1;1,1,1,1,1,1,1,1,1,1,1,1;1,1,1,1,1,1,1,1,1,1,1,1;1,1,1,1,1,1,1,1,1,1,1,1;1,1,1,1,1,1,1,1,1,1,1,1;1,1,1,1,1,1,1,1,1,1,1,1;1,1,1,1,1,1,1,1,1,1,1,1;1,1,1,1,1,1,1,1,1,1,1,1;',
        '一号厅'),
       (1,
        '0,0,0,1,1,1,1,1,1,0,0,0;0,0,1,1,1,1,1,1,1,1,0,1;0,1,1,1,1,1,1,1,1,1,1,0;0,1,1,1,1,1,1,1,1,1,1,0;1,1,1,1,1,1,1,1,1,1,1,1;1,1,1,1,1,1,1,1,1,1,1,1;1,1,1,1,1,1,1,1,1,1,1,1;1,1,1,1,1,1,1,1,1,1,1,1;',
        '二号厅');

-- ==========================================================================================================================

-- ==========================================================================================================================
insert into tbl_scene(id, movie_id, start_time, end_time, hall_id, price, date)
VALUES (1, 101, '2019-06-08 10:00:00', '2019-06-08 11:54:00', 1, 50, '2019-06-08'),
       (2, 101, '2019-06-08 12:00:00', '2019-06-08 13:54:00', 2, 60, '2019-06-08'),
       (3, 101, '2019-06-08 13:30:00', '2019-06-08 15:24:00', 1, 55, '2019-06-08'),
       (4, 101, '2019-06-08 14:00:00', '2019-06-08 15:54:00', 2, 50, '2019-06-08'),
       (5, 101, '2019-06-08 16:00:00', '2019-06-08 17:54:00', 1, 44.99, '2019-06-08'),
       (6, 101, '2019-06-08 16:00:00', '2019-06-08 17:54:00', 2, 49.98, '2019-06-08'),
       (7, 101, '2019-06-08 23:00:00', '2019-06-09 01:44:00', 1, 50, '2019-06-08'),
       (8, 101, '2019-06-09 00:00:00', '2019-06-09 01:54:00', 2, 50, '2019-06-09'),


       (9, 102, '2019-05-30 10:00:00', '2019-05-30 11:44:00', 1, 40, '2019-05-30'),
       (10, 102, '2019-05-31 12:00:00', '2019-06-08 13:44:00', 1, 50, '2019-05-31'),
       (11, 102, '2019-06-08 18:00:00', '2019-06-08 18:44:00', 2, 60, '2019-06-08'),
       (12, 102, '2019-06-08 18:30:00', '2019-06-08 19:14:00', 1, 55, '2019-06-08'),
       (13, 102, '2019-06-08 20:00:00', '2019-06-08 21:44:00', 2, 50, '2019-06-08'),
       (14, 102, '2019-06-08 19:30:00', '2019-06-08 21:14:00', 1, 44.99, '2019-06-08');


-- ==========================================================================================================================
insert into tbl_movie_favor(movie_id, user_id, init_time)
VALUES (101, 1, '2019-06-07 10:00:00'),
       (102, 1, '2019-06-07 11:00:00'),
       (103, 1, '2019-06-07 12:00:00'),
       (101, 2, '2019-06-08 10:00:00'),
       (102, 5, '2019-06-01 10:00:00');
-- ==========================================================================================================================


-- ==========================================================================================================================
insert into tbl_coupon(id, coupon_name, description, benefit, threshold, url)
VALUES (1, '优惠券1', '折扣较小的优惠券', 15, 49, 'xxx'),
       (2, '优惠券2', '折扣较大的优惠券', 20, 49, 'xxx');

insert into tbl_event(id, event_name, start_time, end_time, description, coupon_id)
VALUES (1, '夏季大优惠', '2019-06-01', '2019-08-30', '这里是描述', 1),
       (2, '电影节', '2019-06-01', '2019-07-01', '这里也是描述', 2);

insert into user_coupon(id, coupon_id, user_id, start, end, status)
VALUES (1, 1, 1, '2019-06-04', '2019-06-11', 0),
       (2, 1, 1, '2019-06-04', '2019-06-11', 0),
       (3, 2, 1, '2019-06-04', '2019-06-11', 0),
       (4, 1, 1, '2019-06-04', '2019-06-11', 0),
       (5, 2, 5, '2019-06-04', '2019-06-11', 0);

insert into event_movie (event_id, movie_id)
values (1, 101),
       (1, 102),
       (2, 101),
       (2, 102),
       (2, 103);
-- ==========================================================================================================================


-- ==========================================================================================================================
insert into tbl_member_strategy(id, member_name, url, price, rate)
values (1, '小会员', 'xxx', 100, 0.8),
       (2, '大会员', 'xxx', 300, 0.7);

insert into tbl_member(id, strategy_id, credit, user_id)
VALUES (1, 2, 80, 1),
       (2, 1, 30, 2);
-- ==========================================================================================================================


-- ==========================================================================================================================
insert into tbl_order(id, scene_id, status, cost, code, create_time, user_id, pay_method, movie_id)
VALUES (1, 1, 1, 50, '6s3j0l', '2019-06-05 08:30:31', 1, 1, 101),
       (2, 1, 1, 50, '7sfkjb', '2019-06-06 13:24:51', 2, 1, 101),
       (3, 3, 1, 55, 'dsiu34', '2019-06-07 21:43:02', 5, 1, 101);


-- ==========================================================================================================================

-- ==========================================================================================================================
insert into tbl_refund(description, rate, before_time)
values ('退票策略', 0.9, 3);



-- ==========================================================================================================================


-- ==========================================================================================================================
insert into event_movie (event_id, movie_id)
values (1, 101),
       (1, 102),
       (2, 101),
       (2, 102),
       (2, 103);


-- ==========================================================================================================================

-- ==========================================================================================================================
insert into tbl_recharge (id, user_id, init_time, cost, type)
values (1, 1, '2019-05-15 08:43:13', 200, 1);

insert into tbl_recharge (id, user_id, init_time, cost, type)
values (2, 1, '2019-05-20 09:13:23', 100, 1);

